{"loss": [0.40959998965263367, 0.29455047845840454, 0.1792408525943756, 0.10190661251544952], "accuracy": [0.8146499991416931, 0.87642502784729, 0.9303625226020813, 0.9625750184059143]}